{"x0": 0.144, "y0": 0.21666666666666667, "x1": 0.828, "y1": 0.8, "x2": 0.17, "y2": 0.15333333333333332, "x3": 0.954, "y3": 0.7466666666666667}